text,label,label_name
مرقوف,2,نجديه
دزنتوانه,2,نجديه
صالة,0,حجازية
مخامير,2,نجديه
إذا جيت رايح كتر من الفضايح,0,حجازية
أشوى,2,نجديه
حمبص,0,حجازية
بوري,3,حساوية
حبقبق,0,حجازية
اديلو,0,حجازية
الريال,3,حساوية
صلبي,2,نجديه
طلي,0,حجازية
ما بيشخ عإصبع مجروح,0,حجازية
هقوتك,2,نجديه
درزن,0,حجازية
به,2,نجديه
سامج,2,نجديه
المعاميل,1,جنوبي
يهدرق,3,حساوية
كوده,2,نجديه
مردغة,2,نجديه
كفكير,1,جنوبي
هلا,2,نجديه
نمورة,1,جنوبي
بسكليت,0,حجازية
فطفوط,2,نجديه
افركيه,2,نجديه
يفرِّي,1,جنوبي
شلخه,3,حساوية
تختة,3,حساوية
أحوقه,2,نجديه
طاوي,1,جنوبي
يا قلبي يا كتكت ياما تشوف و تسكت,0,حجازية
واكدربة كدربة بياع الشوربة,0,حجازية
يالفضيخة,3,حساوية
مزجور,3,حساوية
زوزا,0,حجازية
ينقز,3,حساوية
سرفه,2,نجديه
الحموضات,0,حجازية
صاروخ,0,حجازية
عيديه,0,حجازية
جمل ابو راسين,0,حجازية
شالوع,3,حساوية
دنق,1,جنوبي
حبش,0,حجازية
مرقوق,1,جنوبي
غبانة,0,حجازية
جندوب,3,حساوية
مفنقص,0,حجازية
مسخنة,3,حساوية
يا كلب,0,حجازية
شيثة,1,جنوبي
سرح,2,نجديه
أزرد,0,حجازية
شمخ,3,حساوية
صرم,0,حجازية
شاكوشة,0,حجازية
متحنجة,3,حساوية
زرم,0,حجازية
لبق,2,نجديه
دودو,0,حجازية
خلنا,3,حساوية
عايرة,2,نجديه
دبشة,2,نجديه
حكشة,0,حجازية
ذود,2,نجديه
هنودي,0,حجازية
قيس,1,جنوبي
اجدع,2,نجديه
اقبع,3,حساوية
فلتة,0,حجازية
ثرمه,3,حساوية
قص,1,جنوبي
نبوا,3,حساوية
يشوخ,0,حجازية
مكعس,1,جنوبي
شره,2,نجديه
سربوت,0,حجازية
أنتسعم,2,نجديه
اوجف,3,حساوية
الطبينه غبينه,2,نجديه
العقلة,1,جنوبي
حس,3,حساوية
تمنظري,3,حساوية
روزنه,3,حساوية
ازم لي واقطع لك,1,جنوبي
افقع,0,حجازية
ضاري,2,نجديه
حرصة,2,نجديه
فنغش,3,حساوية
كصمه,2,نجديه
طعن,0,حجازية
اداب,1,جنوبي
جغافير,2,نجديه
بعد ما أكل واتكا قال ريحته مستكا,0,حجازية
سامري,0,حجازية
فاهي,2,نجديه
كش,1,جنوبي
الزرب,1,جنوبي
دق,2,نجديه
موت يا حمار,0,حجازية
شق الشعيب,2,نجديه
مأتش,0,حجازية
خثلة,3,حساوية
ورور,0,حجازية
اهوه,2,نجديه
شطايا,2,نجديه
يرك,1,جنوبي
أهزعه,3,حساوية
إشبح,2,نجديه
الكوله,1,جنوبي
قمص,3,حساوية
وغدان,2,نجديه
وين هو بوه,2,نجديه
متنحرة,3,حساوية
يعس,1,جنوبي
موب,2,نجديه
مدار,1,جنوبي
انسلق,2,نجديه
حتسي,2,نجديه
قلاص,3,حساوية
يمتعس,1,جنوبي
سعيداء,2,نجديه
حنس,2,نجديه
علثة,2,نجديه
المرزح,1,جنوبي
سريح,2,نجديه
صنقر,0,حجازية
شايب,2,نجديه
قال له ذنبك عجج قال اقتلني ولا تتحجج,0,حجازية
ذيلي,3,حساوية
أجغف,2,نجديه
هلكتنا,3,حساوية
سپع,2,نجديه
رمك,2,نجديه
ازمق,3,حساوية
مسامع,1,جنوبي
غار الحمام,3,حساوية
زقم,2,نجديه
يا جعموص,0,حجازية
تتحيقين,3,حساوية
الناس في الناس والعجوزه في الطلق والنفاس,0,حجازية
باشه,1,جنوبي
معنقز,2,نجديه
دريشه,3,حساوية
قرصه,3,حساوية
يخسِّـب,1,جنوبي
اجودها,3,حساوية
رمة,0,حجازية
أدي,0,حجازية
كنس بيتك ورشُه ما تدري مين يخشوا,0,حجازية
سنون,3,حساوية
فارق,2,نجديه
ذل,2,نجديه
والعون,1,جنوبي
حمس,1,جنوبي
مبوبز,2,نجديه
طحر,2,نجديه
هيج,3,حساوية
نفج,2,نجديه
قره,1,جنوبي
صطل,2,نجديه
خاتم بفصو وكل شي ترصوا,0,حجازية
الي ويش,3,حساوية
تمنظري,3,حساوية
داج,2,نجديه
ملفع,3,حساوية
بيجو,3,حساوية
ريح,2,نجديه
ضوح,1,جنوبي
دنم,1,جنوبي
برنص,3,حساوية
حندرفيني,1,جنوبي
بجلي,2,نجديه
وش لونك,0,حجازية
نشب,2,نجديه
حسيل,1,جنوبي
الكلب,0,حجازية
حمولة,3,حساوية
تسيفك,2,نجديه
ملاية,1,جنوبي
تسني به,2,نجديه
حوقى,1,جنوبي
عكاريش,3,حساوية
اذا تماعط الضيفان فحظ المضيف,1,جنوبي
ترقيع,2,نجديه
ازعق,3,حساوية
علوقه,3,حساوية
الصرمة والقبقاب صاروا أصحاب,0,حجازية
قحنته,2,نجديه
غليه,1,جنوبي
التلام,1,جنوبي
حلمه,1,جنوبي
يحزب,1,جنوبي
هبَّـاد,1,جنوبي
شريعه,3,حساوية
اعسم,3,حساوية
قرعومة,1,جنوبي
ثوري خبيث العمل في بلادي وزين لمن يستعيره,1,جنوبي
بلكة,1,جنوبي
الضبه,1,جنوبي
اللي ماله ام حاله يغم,0,حجازية
ألشين,1,جنوبي
جزو,1,جنوبي
أصحى,0,حجازية
الميانة,2,نجديه
يا رب يا كريم يا مقطع روص الحريم خلي أمي و أم اليتيم,0,حجازية
جعفه,3,حساوية
كب العشا,0,حجازية
زنطه,3,حساوية
برعشيد,1,جنوبي
دفاعة,0,حجازية
شماده,3,حساوية
علامك,2,نجديه
المعقل,0,حجازية
زجيتة,3,حساوية
بالعمالة,3,حساوية
يلعن مهوترك,0,حجازية
عجر,1,جنوبي
قعو,0,حجازية
هبابه,3,حساوية
قرص,3,حساوية
بغدده,0,حجازية
إلي على راصو بطحة يحسس عليها,0,حجازية
وايق,0,حجازية
مبثوث,1,جنوبي
كَـرّوسِة,1,جنوبي
انسفلو,0,حجازية
جصة,3,حساوية
لباداك,3,حساوية
عزي,1,جنوبي
لصف,1,جنوبي
عصلا,2,نجديه
مدلدل,0,حجازية
برصي,2,نجديه
طولع,2,نجديه
حكره,3,حساوية
مشقوق,3,حساوية
يالللي,0,حجازية
عنت علي,3,حساوية
استلتوك,0,حجازية
عوافي,0,حجازية
ياناسوووووو,0,حجازية
شندوره,2,نجديه
صوك,0,حجازية
مو كل مدردم بتنجان,0,حجازية
قفطة,2,نجديه
لا تسند للبعير ولا تنحي للحنش,0,حجازية
شمعل,2,نجديه
قدهو,1,جنوبي
عاين,2,نجديه
ماكو,3,حساوية
قط,2,نجديه
سرويس,2,نجديه
فقير اتجوز فقيرة خلفوا وجع القلب,0,حجازية
سمحت,2,نجديه
البازان,0,حجازية
معجوره,1,جنوبي
كان بمسمع منك,0,حجازية
برك وقام وانتفض الكلام,1,جنوبي
ام غديه,1,جنوبي
ماتعدينا,3,حساوية
الوشق,1,جنوبي
هثولي,2,نجديه
إن كاني صقر,1,جنوبي
رزيل,3,حساوية
أكفتو,0,حجازية
إنطم,2,نجديه
أوا,1,جنوبي
لين,3,حساوية
طعس,2,نجديه
تـبَّانِة,1,جنوبي
محاري,2,نجديه
وشو له,3,حساوية
أجطل,3,حساوية
اما,2,نجديه
الحب عياقة توب بلا ياقة,0,حجازية
كب عنك امكذب,1,جنوبي
لقيتها,3,حساوية
غرى داج,0,حجازية
صنان,2,نجديه
متلبد,3,حساوية
الدغابيس,1,جنوبي
مالت,2,نجديه
محبوك,0,حجازية
ورع صنهات,2,نجديه
مصلوله,1,جنوبي
بعثران,1,جنوبي
مسحات,3,حساوية
يتراره,3,حساوية
مدك,1,جنوبي
كشة,3,حساوية
أبو زبره,2,نجديه
السفان,1,جنوبي
مطعفر,0,حجازية
شرشحة,0,حجازية
مرره,0,حجازية
ايكه,0,حجازية
هفأة,1,جنوبي
بروحي,3,حساوية
فاهمني,0,حجازية
يحزم,1,جنوبي
اطبق,3,حساوية
زلطة,1,جنوبي
الكبرة,3,حساوية
انفقش,0,حجازية
أتمغط,3,حساوية
نقب,3,حساوية
خرنثلوو,0,حجازية
حميسة,2,نجديه
يرجد,1,جنوبي
كم هوبه,3,حساوية
أدب ولدك وان زعلت امه,0,حجازية
غمس,0,حجازية
لقحة,1,جنوبي
زماطات,3,حساوية
ادرام,3,حساوية
اشقح,3,حساوية
قرمبع,0,حجازية
يامال,1,جنوبي
خرتيت,0,حجازية
فقش,0,حجازية
كيتلي,3,حساوية
أها عاد,3,حساوية
يخثرد,0,حجازية
بكاش,0,حجازية
يدتي,3,حساوية
مبقعة,2,نجديه
عاينبه,1,جنوبي
بدوي طاحلو في تمرة,0,حجازية
مبغوث,2,نجديه
احلت,2,نجديه
ذنب,2,نجديه
تكروني,0,حجازية
عديلة,1,جنوبي
تخطمل,1,جنوبي
دوله,1,جنوبي
زعبوطه,0,حجازية
الحاصل,0,حجازية
ايششكلوا,0,حجازية
سحاره,1,جنوبي
أتمغط,3,حساوية
هطفة,3,حساوية
لفت,2,نجديه
صيب,1,جنوبي
خوش شي,3,حساوية
احتريك,2,نجديه
فلحسة,2,نجديه
صنادح,2,نجديه
صبية,1,جنوبي
يهذرى,1,جنوبي
سدرة,1,جنوبي
امبطح,3,حساوية
معفن,0,حجازية
بلحطي,0,حجازية
براحه,2,نجديه
دهدره,2,نجديه
جذاب,3,حساوية
ديكه,1,جنوبي
معرة,3,حساوية
يسخي,1,جنوبي
قذلة,2,نجديه
اصحك,0,حجازية
تدودهت,3,حساوية
جازليه,3,حساوية
الحجر من الارض والدم من راسك,0,حجازية
زهبه,3,حساوية
دودهنيه,3,حساوية
تيبل,3,حساوية
دراز,3,حساوية
صتيمه,2,نجديه
منقل,1,جنوبي
تخذرتز,2,نجديه
وينتس بوه,2,نجديه
بايخ,2,نجديه
جئم,1,جنوبي
بواق,3,حساوية
نعال,3,حساوية
كيت,3,حساوية
مدريهة,0,حجازية
ازعقله,3,حساوية
خوب,3,حساوية
حبل الكذب قصير,2,نجديه
اقعد شذا,3,حساوية
ستي و سيدي,0,حجازية
شبشب,0,حجازية
ضامر,1,جنوبي
قد,2,نجديه
كمش,1,جنوبي
يَعثـَر,1,جنوبي
معلامه,1,جنوبي
اص,2,نجديه
كلال,1,جنوبي
دجه,2,نجديه
مزرقن,0,حجازية
حويجة,3,حساوية
عرقوب,2,نجديه
حبحر,2,نجديه
باربي,0,حجازية
إفـِّة,1,جنوبي
أحليه,1,جنوبي
مقيط,2,نجديه
ميرة,3,حساوية
متلخبط,3,حساوية
بعد شبدي,3,حساوية
كي,0,حجازية
ياخه,1,جنوبي
شقردي,2,نجديه
هاض,2,نجديه
بشكير,0,حجازية
رفصة,1,جنوبي
جوده,3,حساوية
سرامها,2,نجديه
أجادي,0,حجازية
الجره,1,جنوبي
خطافة,1,جنوبي
ستي رئيتها ما نقص عليا الا جدران بيتها,0,حجازية
دوح,1,جنوبي
شنوح,2,نجديه
اسبط,2,نجديه
زهبة,3,حساوية
تيه,1,جنوبي
حصحص,3,حساوية
علام,2,نجديه
بشت,2,نجديه
سبييكه,2,نجديه
سطح البورق,3,حساوية
هممز,2,نجديه
طحزلة,2,نجديه
بوجي,0,حجازية
فره,2,نجديه
شمطوط,3,حساوية
كيف حالش,2,نجديه
وزاب,1,جنوبي
صخل,0,حجازية
سردح,0,حجازية
غميمه,3,حساوية
طرف,2,نجديه
مفتوق,3,حساوية
وحر,1,جنوبي
توقع,2,نجديه
حجي,3,حساوية
مجلبخ,2,نجديه
البدا,1,جنوبي
نكبة,2,نجديه
كمبودي,0,حجازية
زايط,0,حجازية
بار,0,حجازية
غشنة,0,حجازية
شماده,3,حساوية
ازهميلي,0,حجازية
سلامتك والهيل والقرنفل قمامتك,0,حجازية
وايد,3,حساوية
توق غادي,0,حجازية
زحلط,2,نجديه
بارد صارد,0,حجازية
بي,1,جنوبي
جواز,0,حجازية
دهريز,3,حساوية
عروة,2,نجديه
اتوطى في بطنك,2,نجديه
الغزية,0,حجازية
غربة,3,حساوية
واصلة,2,نجديه
اللي يشوفني بعين اشوفوا باتنين,0,حجازية
عتلِة,1,جنوبي
سيلقة,3,حساوية
هوال بك,0,حجازية
بغر,1,جنوبي
تشابها,0,حجازية
غديت مرق,0,حجازية
رضخ,2,نجديه
أهقا,3,حساوية
الحبله,1,جنوبي
دخلوا في نحرك,0,حجازية
طراق,3,حساوية
معصعص,0,حجازية
من طلابه,3,حساوية
في وجهي مرايه ومن قفايا حربايا,2,نجديه
طقطوقي,0,حجازية
هدولا,0,حجازية
تيس,2,نجديه
انكغ,1,جنوبي
سنايدي,2,نجديه
كندرة,0,حجازية
حق,0,حجازية
شامر,3,حساوية
سعبول,2,نجديه
ميدي,2,نجديه
معية,3,حساوية
يتلي,1,جنوبي
السعاب,1,جنوبي
لغابيب,2,نجديه
صامل,2,نجديه
متسلط,3,حساوية
ريّض,3,حساوية
قبة الحامية,1,جنوبي
السلعدى,1,جنوبي
مصطاح,1,جنوبي
كبرت يا بس و صرت تخربش,0,حجازية
فصل,2,نجديه
امحزق,3,حساوية
فكك,0,حجازية
مخمود,0,حجازية
وزانك,2,نجديه
اباريه,3,حساوية
منظرة,3,حساوية
جابلي أعمى يونسني بحلق بعينو فجعني,0,حجازية
زعابيلو,0,حجازية
حبرش,2,نجديه
خنه,3,حساوية
هقوه,2,نجديه
عثري,1,جنوبي
دحينا,0,حجازية
فيش,0,حجازية
ضيعه,1,جنوبي
خاشوقه,3,حساوية
يفدغ,1,جنوبي
اسلم,2,نجديه
خلعتني,0,حجازية
متشدق,2,نجديه
الهرجة,0,حجازية
كرته,0,حجازية
أها عاد,3,حساوية
لعمطة,0,حجازية
قطاعه,2,نجديه
ظلافيع,2,نجديه
يطمش,3,حساوية
شيفه,2,نجديه
الحمار,1,جنوبي
جرجير,1,جنوبي
المسقف,1,جنوبي
جحلوطي,2,نجديه
قطفنجي,2,نجديه
سبيكه,2,نجديه
غطيطة,1,جنوبي
زن,0,حجازية
اشوه,3,حساوية
كل حبه مسوسة لها كيال اعور,0,حجازية
صنيفره,0,حجازية
إيش اللي,0,حجازية
نقيل,0,حجازية
حجار,2,نجديه
مدفوف,3,حساوية
غلاص,3,حساوية
دحلسة,0,حجازية
سويقه,1,جنوبي
سطح السمادة,3,حساوية
التلوت,0,حجازية
حولي,2,نجديه
مغوبش,2,نجديه
وريني,3,حساوية
دوشق,3,حساوية
زرفان,0,حجازية
هك عليه,2,نجديه
يتحفظ,3,حساوية
ريدو,3,حساوية
افروكيه,0,حجازية
صابه,1,جنوبي
يحفا,1,جنوبي
إغ,1,جنوبي
داخل لبيت العروسه نادر من بيت العريس,0,حجازية
سعلوه,3,حساوية
لبس له جلد النمره,0,حجازية
الهن,0,حجازية
جمش,1,جنوبي
على طقران,2,نجديه
باقه,3,حساوية
استاديت,1,جنوبي
ماليبه,1,جنوبي
بيت الما,0,حجازية
يزرف,3,حساوية
الزبدة,2,نجديه
تبن,0,حجازية
ياعشر,1,جنوبي
اتملت العدوة وقلت المروه,0,حجازية
صبعبلي,3,حساوية
شسويت,3,حساوية
هجولتوا,0,حجازية
هايت,3,حساوية
صطح,0,حجازية
لكع,0,حجازية
متسس,2,نجديه
بسط,2,نجديه
تحنجة,3,حساوية
القم,2,نجديه
الحوش,3,حساوية
اخناعات,3,حساوية
اتمرمط,0,حجازية
ايذاني,0,حجازية
على اسرك,0,حجازية
شسمه ذيه,3,حساوية
يلمخ,3,حساوية
مشعانيز,0,حجازية
سريب,3,حساوية
قوه,2,نجديه
مسبوه,2,نجديه
بقعاء,1,جنوبي
سرب,1,جنوبي
الله يجقفك,3,حساوية
سيبك منو,0,حجازية
يتشابق,3,حساوية
تحثل,0,حجازية
لابد,2,نجديه
فلكه,0,حجازية
امزبن,3,حساوية
توماتيك,0,حجازية
حمزة,0,حجازية
كبرتة,0,حجازية
ويشكنه,1,جنوبي
مخلده,1,جنوبي
ريوق,3,حساوية
مزحلة,1,جنوبي
فيذا,2,نجديه
إما حبا ولابرك ولا سعا وكسرك,1,جنوبي
خظيري,0,حجازية
أرفعه قب,0,حجازية
اطيب,2,نجديه
مزويقة,0,حجازية
اشبمك يواد,0,حجازية
مزحلي جدلي,0,حجازية
بدروم,0,حجازية
الله يتزديلك بشويفك,2,نجديه
وقحه,2,نجديه
حندس,3,حساوية
درك,0,حجازية
قطبه,1,جنوبي
حلزه,2,نجديه
لوقطة,0,حجازية
زنبيل,0,حجازية
صنجة,3,حساوية
اطرق,2,نجديه
سلع,0,حجازية
جاعف,3,حساوية
تيبل,3,حساوية
ملزلز,0,حجازية
تحجى,3,حساوية
برتكانة,0,حجازية
خنفشاري,0,حجازية
قمعني,3,حساوية
شَربتْ,3,حساوية
مهرهر,0,حجازية
مبحلق,0,حجازية
مرحول,1,جنوبي
نومة وتمغيطة احسن من فرح طيطة,0,حجازية
درجان,0,حجازية
فقشة,1,جنوبي
حوبة زوبة,2,نجديه
فاهر,2,نجديه
طشت,3,حساوية
وتطقوا,0,حجازية
تعجب,0,حجازية
مخفه,2,نجديه
سجم,3,حساوية
أخوانك من أمك زي الدهب في كمك و أخوانك من أبوك زي القوم لما ينهبوك,0,حجازية
يا كبدة,0,حجازية
حزام,1,جنوبي
لبه,3,حساوية
صك,3,حساوية
حندر,1,جنوبي
مقراض,2,نجديه
منقعر,1,جنوبي
أبروق,0,حجازية
مرستان,0,حجازية
زط,3,حساوية
بطران,2,نجديه
يابا,0,حجازية
استح,2,نجديه
ولد,2,نجديه
الدري,3,حساوية
حجيه,3,حساوية
ريض,2,نجديه
دقه,0,حجازية
مكارنة,0,حجازية
صمايل,3,حساوية
وييل,0,حجازية
امتعطه,1,جنوبي
وذاذيه,1,جنوبي
فكوك,2,نجديه
العدنة,1,جنوبي
مب,3,حساوية
أرضية,1,جنوبي
حثالة,2,نجديه
فرتي,0,حجازية
زرقه,2,نجديه
غميظة,3,حساوية
قصعة,2,نجديه
بنجرة,1,جنوبي
مفرشة,0,حجازية
جكس,0,حجازية
نحاه,1,جنوبي
كحيلان,2,نجديه
دس,0,حجازية
حزايه,3,حساوية
خصفه,1,جنوبي
إزم قردك لا ياتيك أقرد منه,1,جنوبي
الفقه,2,نجديه
دو,1,جنوبي
صرمه,0,حجازية
سلحح,0,حجازية
يتكرفس,0,حجازية
محفوفة,2,نجديه
خرمس,2,نجديه
شمنجاحبش,0,حجازية
الشرع,1,جنوبي
قرموع,0,حجازية
امعصى,2,نجديه
يتَرشق,1,جنوبي
ميقرفون,3,حساوية
نصيافات,3,حساوية
نعارة,1,جنوبي
همزي,3,حساوية
عير,2,نجديه
عزومة,0,حجازية
عجبة,3,حساوية
أست,0,حجازية
ستناية,1,جنوبي
اعطيك كف يطيرك,2,نجديه
رَمعون,1,جنوبي
الخوط,1,جنوبي
أليم,2,نجديه
ودج,3,حساوية
ماي,3,حساوية
قفيه,1,جنوبي
صرنوخ,3,حساوية
سطح العلا,3,حساوية
اختلع,1,جنوبي
طرش البحر,2,نجديه
حربوقة,0,حجازية
انكصم,2,نجديه
كديش,1,جنوبي
سقها,2,نجديه
شاطح,2,نجديه
فقّـوس,1,جنوبي
طقطقة,2,نجديه
صوبي,1,جنوبي
أبكابك,2,نجديه
جوتي,3,حساوية
ياخوعتى,1,جنوبي
الجحش,3,حساوية
جخاخ,0,حجازية
هياهي,2,نجديه
منتوشه,2,نجديه
فيقت,2,نجديه
مطشود,2,نجديه
الغراز,1,جنوبي
مزود,1,جنوبي
شنوف,3,حساوية
عبيطة,3,حساوية
مرره طعم,0,حجازية
جلبة,0,حجازية
زهقان,3,حساوية
يطـيِّر الفضا,1,جنوبي
مصنخ,2,نجديه
غشي علية,1,جنوبي
سلندر,3,حساوية
خرمس,3,حساوية
ورع,2,نجديه
رِشء,1,جنوبي
فم باصم ما يدخله ذباب,1,جنوبي
هرج,0,حجازية
بربسة,2,نجديه
حسبالك,3,حساوية
زغون,2,نجديه
عرص,2,نجديه
شريمه,1,جنوبي
طق,2,نجديه
اشبك البلا فشكلك,0,حجازية
عنصناص,2,نجديه
رذاذ,2,نجديه
دبيه,1,جنوبي
ذيه,1,جنوبي
اهوو,0,حجازية
عبنه,0,حجازية
وجود,2,نجديه
يشمخ,3,حساوية
صمنديقه,3,حساوية
مطجع,3,حساوية
نشوف,2,نجديه
سهاد,3,حساوية
يحسدوا الفقير على موتت الجمعه,0,حجازية
ياهوه,0,حجازية
الورور,0,حجازية
صميل,2,نجديه
مشتط,2,نجديه
مد رجولك على قد لحافك,0,حجازية
ازهله,0,حجازية
سحله,2,نجديه
دوارق,0,حجازية
حزه,2,نجديه
الي مايطول الرطب يابس عنه يقول,2,نجديه
أطخم,2,نجديه
شخاخين,0,حجازية
إسا,1,جنوبي
قوام,0,حجازية
مصيبح,3,حساوية
العياي,1,جنوبي
عى على,2,نجديه
مرستك,0,حجازية
صشم,3,حساوية
رشاش,3,حساوية
يهدر,3,حساوية
شفيك,3,حساوية
كمخه,2,نجديه
كدمة,0,حجازية
ايتهنوص,2,نجديه
خايس,3,حساوية
الاعور في ديرة العميان فاكهة,1,جنوبي
مرحبمبكم,0,حجازية
خنيث,2,نجديه
مسّاس,1,جنوبي
ديرم,2,نجديه
اصفعه,3,حساوية
بخه,0,حجازية
يادين,0,حجازية
افدغ,0,حجازية
فاكر الشغلة نجارةيضرب بالقدوم ويمسح بالفارة,0,حجازية
إرتكز,0,حجازية
كنبل,3,حساوية
لين تحسب سحر,0,حجازية
ركس,1,جنوبي
سهاد,3,حساوية
مصرقع,2,نجديه
ألمَك,3,حساوية
بياتي,1,جنوبي
ابيهات,3,حساوية
توال,3,حساوية
يقرص,1,جنوبي
 فر عني,1,جنوبي
زل,2,نجديه
ريش,2,نجديه
الحماط,1,جنوبي
لـهمود,1,جنوبي
ذا الغدي,1,جنوبي
بايكة,1,جنوبي
ياطخو يااكسر مخو,0,حجازية
التليك,0,حجازية
تنكة,2,نجديه
جغمه,2,نجديه
نخرور,2,نجديه
شحّاطة,1,جنوبي
سوَطر,1,جنوبي
هزيتيني,3,حساوية
انفهق,2,نجديه
امساعة,3,حساوية
مهبل,2,نجديه
البداه,1,جنوبي
اتارنوو,0,حجازية
مصواط,1,جنوبي
بسة,0,حجازية
هذاانا,1,جنوبي
بليلة,1,جنوبي
بلاك,2,نجديه
عبد,0,حجازية
صدز,2,نجديه
ذعرتني,2,نجديه
يبوش,0,حجازية
يجنن,0,حجازية
هماه,2,نجديه
دش,3,حساوية
روح يمي أو روح جاي,2,نجديه
طرار,3,حساوية
أذيه,3,حساوية
شردوحة,0,حجازية
متمبة,3,حساوية
امممممم اوكك,0,حجازية
توي,0,حجازية
درويهه,1,جنوبي
غدفة,2,نجديه
امطخه,2,نجديه
إفحز,2,نجديه
شباصة,2,نجديه
دبج,0,حجازية
الخراطة,0,حجازية
ما معنى تحتك,0,حجازية
صنان,3,حساوية
الفاشه,1,جنوبي
يقدمي,0,حجازية
خايب,3,حساوية
تمص,0,حجازية
مصفوق,1,جنوبي
قذرف,2,نجديه
يهبد,1,جنوبي
زباله,3,حساوية
لم,2,نجديه
لو كان فيه خير ما رماه الطير,2,نجديه
ارت,1,جنوبي
طير يطرك,3,حساوية
طحبوش,1,جنوبي
زاري علي,2,نجديه
عنم,1,جنوبي
متفرفث,2,نجديه
غبدز,2,نجديه
زحفه,1,جنوبي
اليرو,1,جنوبي
فقع,0,حجازية
فلح,3,حساوية
ملفد,2,نجديه
يمك,3,حساوية
كبت,3,حساوية
جايدة,3,حساوية
السبيل,1,جنوبي
بيريأ,1,جنوبي
القطو يحب خناقه,2,نجديه
فقعنة,0,حجازية
مسنتر,2,نجديه
طراق وكف,3,حساوية
طتـلة,1,جنوبي
المزبا,1,جنوبي
كدش,0,حجازية
فوق القانون,0,حجازية
بزوع,2,نجديه
مهايطي,2,نجديه
قرقش,3,حساوية
يخر,3,حساوية
طاعوش,2,نجديه
معقم,1,جنوبي
حط,3,حساوية
ياريتني بيضه وعرجه اصلوا البياض فُرجه,0,حجازية
أخذني موتك,0,حجازية
دكه,0,حجازية
هذره,3,حساوية
أخمد,2,نجديه
منفس,2,نجديه
صكه,3,حساوية
علمي علمك,0,حجازية
كنك,1,جنوبي
شلقه,0,حجازية
ابلش,2,نجديه
افلح,1,جنوبي
زيرووووووو,0,حجازية
نباله,3,حساوية
يوغظ,1,جنوبي
لا تطعبز,3,حساوية
شاذي,3,حساوية
تنكس,2,نجديه
محسن,0,حجازية
حيوان,0,حجازية
متاقة,0,حجازية
زاقوط,1,جنوبي
المعلف,1,جنوبي
ديس,0,حجازية
مشق,3,حساوية
أبرق,2,نجديه
عبر,2,نجديه
عديسه,2,نجديه
اثره,2,نجديه
ماشي كماه,2,نجديه
خشه,2,نجديه
عربية كرو,0,حجازية
لولا الغيره ماكبرت الصغيره ,2,نجديه
احبش,2,نجديه
وش,2,نجديه
مصبع,2,نجديه
جغيط,0,حجازية
قشابير,1,جنوبي
وش نوحك,2,نجديه
متلل,3,حساوية
بيتلما,0,حجازية
تشميقة,0,حجازية
بوتيته,3,حساوية
داعوس,3,حساوية
مدري,0,حجازية
سيب,0,حجازية
ألحين,3,حساوية
ثمنية,1,جنوبي
معلف,0,حجازية
برِنجي,1,جنوبي
دريشة,2,نجديه
يمتشع,3,حساوية
هست,3,حساوية
تسلك لي,2,نجديه
جات تكحلها عمتها,0,حجازية
لا تجعص علينا,0,حجازية
متكبر على,2,نجديه
السويقه,1,جنوبي
فشخ,0,حجازية
تريللا,0,حجازية
فرنينة,1,جنوبي
رقى,2,نجديه
لعابه,0,حجازية
سحابيه,1,جنوبي
مرقد,3,حساوية
يابو زغيط,3,حساوية
حطاطه,1,جنوبي
أرمية,1,جنوبي
واحياه,1,جنوبي
دوك,2,نجديه
تريك,3,حساوية
عبيله,1,جنوبي
زوليه,3,حساوية
تعقب,2,نجديه
جود,2,نجديه
كِشاية,1,جنوبي
متشلبك,3,حساوية
دريخ,2,نجديه
توحي,2,نجديه
الأثافي,0,حجازية
شكشاكه,0,حجازية
ينقز,3,حساوية
عترمه,2,نجديه
دمبوشي,0,حجازية
مدعجة,3,حساوية
عسو,3,حساوية
هذرتك,2,نجديه
معبث,2,نجديه
أمهص,2,نجديه
ود,1,جنوبي
مقلقل,0,حجازية
بواري,0,حجازية
ذافي,2,نجديه
أستقيف,0,حجازية
النمنم,0,حجازية
هيله,1,جنوبي
الحي يحييك والميت يزيدك غبن,2,نجديه
كفت الكفت,0,حجازية
مزبزب,0,حجازية
فج,3,حساوية
حجان,2,نجديه
جقاره,3,حساوية
غمتة,2,نجديه
احذفه,1,جنوبي
أصَل,1,جنوبي
اخصك,0,حجازية
رايق,0,حجازية
منسم,2,نجديه
كمبل,3,حساوية
خرجه,3,حساوية
برز,1,جنوبي
الخوخة,3,حساوية
إشكلو,0,حجازية
يثبي,1,جنوبي
هشير,1,جنوبي
سيبك,0,حجازية
إقلب وجهك,0,حجازية
جاب العيد,0,حجازية
كبة حيلة,1,جنوبي
سباط,3,حساوية
هبد,1,جنوبي
متغووي,3,حساوية
تسيف,2,نجديه
مزنوق,2,نجديه
بس يا حمزة,0,حجازية
تخفيفة,1,جنوبي
شّدوه,3,حساوية
ملفع,3,حساوية
ملفع,2,نجديه
تكاية,1,جنوبي
امشطوه,0,حجازية
اللوذة,2,نجديه
حليل,2,نجديه
يلبد,1,جنوبي
تتهنقصين,2,نجديه
كماج,3,حساوية
يشقل,1,جنوبي
مقرط,1,جنوبي
درو,2,نجديه
يتمشمش,1,جنوبي
سبهه,2,نجديه
هبان,1,جنوبي
شِبر,1,جنوبي
فسقان,0,حجازية
بطيت,3,حساوية
معنفش,3,حساوية
الربوع,0,حجازية
بقجة,1,جنوبي
إني ذيه,1,جنوبي
منطجه,2,نجديه
سبيرو,3,حساوية
راقد,3,حساوية
العازه لزازه,0,حجازية
تشيح,0,حجازية
شربت,3,حساوية
سبك,2,نجديه
ضعاوي,2,نجديه
إيث,0,حجازية
نجز,3,حساوية
مجغ,0,حجازية
سعيد,0,حجازية
نقب,2,نجديه
اليبل,1,جنوبي
حنه,2,نجديه
مستعدي,0,حجازية
هبيلة,2,نجديه
ميفا,1,جنوبي
مص حمر,0,حجازية
صرموني,1,جنوبي
فاروعة,1,جنوبي
وجع,0,حجازية
سايقها,0,حجازية
يـلِـحّ,1,جنوبي
بووه,2,نجديه
قدهي,1,جنوبي
معصي,2,نجديه
الحلة,1,جنوبي
قنـّار,1,جنوبي
يغِتّ,1,جنوبي
هاته,3,حساوية
سلم,2,نجديه
طلطل,0,حجازية
عبيط,2,نجديه
دهليز,0,حجازية
فقي,0,حجازية
ياهل,3,حساوية
رجال الحجر,0,حجازية
هدر,0,حجازية
واز,2,نجديه
ملة,1,جنوبي
بيز,3,حساوية
مليم أحمر,0,حجازية
تمير,2,نجديه
قبل,2,نجديه
أشرد,0,حجازية
نخولي,2,نجديه
أصمخ,3,حساوية
فشخه,2,نجديه
قوطر,2,نجديه
دبونة,2,نجديه
طبين,3,حساوية
صنو,3,حساوية
تناحه,0,حجازية
زقاق,0,حجازية
كارة,1,جنوبي
زمبيل,0,حجازية
أكلوا الملوخية وصاروا أفندية,0,حجازية
جعموص,2,نجديه
الفاغر,1,جنوبي
مقصمل,3,حساوية
زقرت,2,نجديه
البيضه ما تخابط حجر,0,حجازية
حنش,0,حجازية
عور,1,جنوبي
مهودل,3,حساوية
كريسي,0,حجازية
كنسي بيتك ورشيه ما تدري مين يخش فيه,0,حجازية
سوالف,0,حجازية
مهو بهذا,2,نجديه
عادكم,1,جنوبي
ورابوه,2,نجديه
بكش,0,حجازية
فجع,0,حجازية
جثل جثلة,2,نجديه
تكي,0,حجازية
لبد,0,حجازية
هقوة,2,نجديه
افرنقع,0,حجازية
هنياك,1,جنوبي
غويش,2,نجديه
إبتل,2,نجديه
بزر,2,نجديه
يدشـِّر,1,جنوبي
بوطة,0,حجازية
الجربه,1,جنوبي
ايش,3,حساوية
يبرطم,1,جنوبي
معافره,0,حجازية
سندوله,0,حجازية
اوريلك,0,حجازية
أوخو,0,حجازية
زر امها,2,نجديه
جيبيلي,0,حجازية
تروح,1,جنوبي
ورى,2,نجديه
نخا,2,نجديه
دجه,3,حساوية
سنور,3,حساوية
ننوة,2,نجديه
البقره,1,جنوبي
بيز,2,نجديه
انغبه,2,نجديه
مبزرة,3,حساوية
السفهان,1,جنوبي
استنى,0,حجازية
دولا,0,حجازية
كب,0,حجازية
مشحوف,1,جنوبي
مبشر وسالم من الشر,2,نجديه
لومي,3,حساوية
مزنون,0,حجازية
زرفال,2,نجديه
خدمي,0,حجازية
كيندوج,3,حساوية
شف,3,حساوية
حبكه,2,نجديه
غدان,3,حساوية
قاحي,0,حجازية
تدحمل,2,نجديه
فطاني,0,حجازية
ريحة,3,حساوية
ست,0,حجازية
طمل,2,نجديه
يووز,3,حساوية
شروى,2,نجديه
تسحج,3,حساوية
دوشق,2,نجديه
أبو جلمبو,0,حجازية
جعرمة,0,حجازية
رضمه,3,حساوية
اذلف,3,حساوية
ادبشه,3,حساوية
ازرقي,2,نجديه
بس يا كوكو,0,حجازية
دراعة,3,حساوية
ماتلقى الغنج الا عند الحمير العرج,0,حجازية
قمعه,3,حساوية
قمص,3,حساوية
حلال مو حلالك جره على الشجر,2,نجديه
يدبك,3,حساوية
تعكرف,2,نجديه
إنقعر,1,جنوبي
سمادة,3,حساوية
جريب,3,حساوية
قحص,2,نجديه
بشلقه,0,حجازية
غندورة,0,حجازية
شحقه,3,حساوية
زواع,2,نجديه
أرهيت بالقطيعة,0,حجازية
سستم,0,حجازية
مَقوَد,1,جنوبي
نمتسن,2,نجديه
بق,3,حساوية
فلفاص,3,حساوية
ممرمص,0,حجازية
شرد,0,حجازية
دقديق,0,حجازية
أغراض,2,نجديه
نخره,2,نجديه
صدر بقرة,0,حجازية
فكفكها,0,حجازية
الهايشه,1,جنوبي
طفران,2,نجديه
وشلون,2,نجديه
صماخ,2,نجديه
إن كبر ابنك خاويه,2,نجديه
أهزعه,3,حساوية
جازت,3,حساوية
كم حوشت,3,حساوية
حشره,1,جنوبي
قنمة,2,نجديه
مقمط,0,حجازية
جحفلني,2,نجديه
طرطع,2,نجديه
انتا,2,نجديه
كنسل,0,حجازية
دقيسي,0,حجازية
دحروب,1,جنوبي
اشلح,3,حساوية
يزت,1,جنوبي
عري,0,حجازية
نطع,1,جنوبي
وش يقول,2,نجديه
يانمى,1,جنوبي
الجرم,1,جنوبي
لقف,2,نجديه
منخوع,1,جنوبي
مشنقل,0,حجازية
نوبه,3,حساوية
عيشة ولد,0,حجازية
مِد,1,جنوبي
يشناني,1,جنوبي
منوفه,1,جنوبي
دمك,0,حجازية
هياكلو,0,حجازية
الخوصية,0,حجازية
البزوره,0,حجازية
صوغه,3,حساوية
زلق,2,نجديه
ضرب المفل,3,حساوية
ابغثة,2,نجديه
عدّة,1,جنوبي
دحقة,2,نجديه
مقطن,3,حساوية
صمنديكه,3,حساوية
متشقق,3,حساوية
فشغد,2,نجديه
تنشدني,1,جنوبي
ضويق,3,حساوية
أطرم,3,حساوية
سويش,3,حساوية
عثـرون,1,جنوبي
يكاري,1,جنوبي
قلوط,0,حجازية
تله,3,حساوية
شهذيه,1,جنوبي
احويت,1,جنوبي
تجمل,2,نجديه
مبزوط,2,نجديه
عاقد النونه,2,نجديه
ايش تعمل الماشطه في الوجه العكر,0,حجازية
بعر,2,نجديه
ياولمه,1,جنوبي
اللزقة,2,نجديه
زنجفرة,3,حساوية
خاشوقة,0,حجازية
جطل,2,نجديه
حياه كسيفه وعنا وكلا,2,نجديه
درج,2,نجديه
بريعصي,2,نجديه
وش تنبا,3,حساوية
رعام,2,نجديه
شفشفه,2,نجديه
رقف,1,جنوبي
بوشيه,3,حساوية
يطالع,0,حجازية
كعشه,1,جنوبي
مذابك,0,حجازية
فج عني,3,حساوية
قوطه,0,حجازية
راجيال,0,حجازية
حرمصة,0,حجازية
العفال,1,جنوبي
في كل محضر بالتوب الاخضر,0,حجازية
كوكية,0,حجازية
قراد,1,جنوبي
اهجد,2,نجديه
بق,3,حساوية
درام,3,حساوية
أدن,3,حساوية
القصبه,1,جنوبي
بزخك,3,حساوية
ساخر,1,جنوبي
وعسية,1,جنوبي
اندفق,2,نجديه
بتوغاز,0,حجازية
ينِشْ,1,جنوبي
اسمهر,0,حجازية
الطوف,3,حساوية
بلاطة,1,جنوبي
فرموزة,0,حجازية
تفو,1,جنوبي
حدفة حيرة,3,حساوية
مخروش,2,نجديه
يشطا,1,جنوبي
شد,2,نجديه
اصنق,1,جنوبي
كونية,3,حساوية
شاحوطة,1,جنوبي
نبيص,2,نجديه
مايحيا,1,جنوبي
رباح,1,جنوبي
انفخ ياشريم قال ما به برطم,1,جنوبي
شباصات,3,حساوية
محجان,2,نجديه
واشيطانطربوه,2,نجديه
العلم,2,نجديه
وَزريّة,1,جنوبي
اجغفه,2,نجديه
نوبة,2,نجديه
جسور,2,نجديه
بهواك,3,حساوية
معتتقلتيت,0,حجازية
قميضه,3,حساوية
بصو,3,حساوية
اهوهه,2,نجديه
طرمبة,0,حجازية
تي تي زي ما رحتي جيتي,0,حجازية
جربان,0,حجازية
كورته,0,حجازية
جهدا,0,حجازية
صنيف,3,حساوية
مليه,3,حساوية
زاهب,2,نجديه
لحاف,3,حساوية
دل,1,جنوبي
جيف جان,3,حساوية
عافية ربي,0,حجازية
ليوان,1,جنوبي
تم,2,نجديه
خنزير,2,نجديه
كنيفه,3,حساوية
مول,3,حساوية
عصرة,1,جنوبي
مدردع,2,نجديه
الطوب,3,حساوية
كرمح,1,جنوبي
سراج,3,حساوية
زردمت سبدي,2,نجديه
مختبه,3,حساوية
انشعف,0,حجازية
زلاطه,3,حساوية
يصـبِّر,1,جنوبي
تخرص,2,نجديه
يدفر,1,جنوبي
برتكان,0,حجازية
قلعك,2,نجديه
عسيلة,3,حساوية
قبوع,3,حساوية
أيوا أيوه,0,حجازية
ابو بكس,0,حجازية
فقييييرة,3,حساوية
القفه,0,حجازية
أشابير,1,جنوبي
لغلاغة,3,حساوية
عبي نفسك,0,حجازية
عديمه,2,نجديه
صحفه,3,حساوية
مسرع,2,نجديه
داير,3,حساوية
أهري وانكتي يا جاره وأنا ثابته زي العماره,0,حجازية
خرشه,1,جنوبي
عرض,1,جنوبي
خبل,2,نجديه
حدر,2,نجديه
شل دقلتك,3,حساوية
دينج دونج,0,حجازية
أوهاء,2,نجديه
كره,2,نجديه
تصوعك,1,جنوبي
حوي,3,حساوية
هرني بطني,3,حساوية
علاسب,0,حجازية
الوبد,1,جنوبي
يـهَـوِّد,1,جنوبي
شخبارك,3,حساوية
بطنة,1,جنوبي
قصمنجي,2,نجديه
جاعافه,3,حساوية
اومبيه,3,حساوية
سده,1,جنوبي
جيب عيال,2,نجديه
تقـلقص,3,حساوية
تورتبح,0,حجازية
ملص,1,جنوبي
خيطي بيطي,0,حجازية
زبير,1,جنوبي
سكَملة,1,جنوبي
خرطي,3,حساوية
الجهال,1,جنوبي
دبه اقحوف,3,حساوية
الغرب,1,جنوبي
حلقه,0,حجازية
زوز,0,حجازية
مبيوق,3,حساوية
طهبلة,2,نجديه
بوري,3,حساوية
بالوعة,0,حجازية
دحر,3,حساوية
وذف,2,نجديه
ييقصع,1,جنوبي
دلاقه,3,حساوية
اتبشمت,0,حجازية
ستين داهية,0,حجازية
حوليا,0,حجازية
ستيتة,0,حجازية
هاله هو,1,جنوبي
يطب,1,جنوبي
يظلي,0,حجازية
شار,1,جنوبي
يدي,3,حساوية
مصرفدة,0,حجازية
قوصرية,3,حساوية
بيبسور,3,حساوية
لغالغ,0,حجازية
تحاحر فيه,3,حساوية
بلا فكك,2,نجديه
بياتمنا,1,جنوبي
قبعه,0,حجازية
سير,2,نجديه
تشبح,0,حجازية
برنجي,0,حجازية
مصرع,0,حجازية
خزاوة,0,حجازية
يـلِتّ,1,جنوبي
جحفلتها,2,نجديه
برجه,3,حساوية
يستاهل,3,حساوية
بيزه,0,حجازية
امحطوه,2,نجديه
بفقع وجهك,2,نجديه
مييييينو,3,حساوية
ايواف,3,حساوية
أبي,2,نجديه
زهم,0,حجازية
هروج,1,جنوبي
غبوغ,2,نجديه
حقتنا,3,حساوية
يلع,1,جنوبي
مفتوق,3,حساوية
حو,1,جنوبي
لباس,1,جنوبي
أم بوشة,3,حساوية
امعص اذنك,0,حجازية
مغماص,3,حساوية
سوخية,1,جنوبي
مجبونة,1,جنوبي
يالفضيخة,3,حساوية
الصدقان,1,جنوبي
ماصل,2,نجديه
إنفر,1,جنوبي
منخش,0,حجازية
جرار,2,نجديه
جدة كذا اهلي وبحر,0,حجازية
حتل,0,حجازية
تتعفر,3,حساوية
زغن,2,نجديه
ياشق,1,جنوبي
مشوشح,1,جنوبي
تيتي تيتي زي ما رحتي زي ما جيتي,0,حجازية
هيس,3,حساوية
خابور,0,حجازية
تنحنح,1,جنوبي
مفشوخ,0,حجازية
ألزخك,2,نجديه
دح,1,جنوبي
نبقه,1,جنوبي
عسى مالك,0,حجازية
ينخش,3,حساوية
زاقوق,1,جنوبي
يترارا,3,حساوية
رويشة,1,جنوبي
بجت,3,حساوية
متقصوي,2,نجديه
خق,2,نجديه
تخرش,3,حساوية
صبيانن,1,جنوبي
سميد,1,جنوبي
زبلحة,0,حجازية
قيسي,1,جنوبي
بحص,1,جنوبي
غدر فيه,2,نجديه
ذبانه,3,حساوية
وزغه,1,جنوبي
بحرة,1,جنوبي
دخش,1,جنوبي
برة,0,حجازية
فابور,2,نجديه
كَبكة,1,جنوبي
الطفرية,2,نجديه
فيلو,0,حجازية
بشكة,0,حجازية
قاعد يمشي,0,حجازية
يالدرو,3,حساوية
دحين,0,حجازية
حض,1,جنوبي
انكس,2,نجديه
غشيم,2,نجديه
اطقطق,2,نجديه
صاهل,0,حجازية
قرنة,3,حساوية
ولد حمايل أو بنت حمايل,2,نجديه
سحسيبة,1,جنوبي
مفصخ,2,نجديه
صطحي الهري,3,حساوية
شروخة,2,نجديه
قداام,2,نجديه
محد قدك يلد,0,حجازية
مصن,3,حساوية
يـلِـزّ,1,جنوبي
مغطس,3,حساوية
بسبسه,0,حجازية
جغر,2,نجديه
هفتان,0,حجازية
بحصاص,1,جنوبي
سقف,2,نجديه
غمّيضة,1,جنوبي
مطبق العاده و معصوب كل يوم,0,حجازية
البس يحب خانقه,1,جنوبي
اطسل,0,حجازية
نمك,0,حجازية
يلفح,3,حساوية
عقم,1,جنوبي
قايلن بها هه هه,2,نجديه
كنجا,2,نجديه
ملكع,2,نجديه
دختر,3,حساوية
أويلاوه,2,نجديه
حدبين,1,جنوبي
طشه,0,حجازية
بزبوز,0,حجازية
لاوي,3,حساوية
فرقلة,0,حجازية
مستدور,1,جنوبي
غديك,2,نجديه
بيارة,2,نجديه
بس,0,حجازية
شدره لو جوده,3,حساوية
يتشيدق,1,جنوبي
هلون,2,نجديه
مصطبة,1,جنوبي
لبيه,2,نجديه
المعورفات,1,جنوبي
شبقة,3,حساوية
الخص,0,حجازية
دواء غسيل,0,حجازية
مالغ,2,نجديه
اتمردغ,0,حجازية
دست,3,حساوية
فحسان,0,حجازية
اللزكه,3,حساوية
عبارة,3,حساوية
يا داق الموية في المهراس يا مربي وليد الناس,0,حجازية
مني فايقلو,0,حجازية
دربية,1,جنوبي
منزجة,3,حساوية
هريج,0,حجازية
حبه كلك,3,حساوية
عيزا ميزا,3,حساوية
جغم,2,نجديه
قرصه,3,حساوية
ياما جاب الغراب للأمو,0,حجازية
مفقعن,0,حجازية
بسيسة,1,جنوبي
غَوَردل,1,جنوبي
ملاس,3,حساوية
قوطي,3,حساوية
ماهناك عقل,2,نجديه
بعجور,1,جنوبي
اشفشك,0,حجازية
تسنع,3,حساوية
تجثجث,2,نجديه
حياده,1,جنوبي
ذلحين,1,جنوبي
بلا تناكه,0,حجازية
طمبيقه,0,حجازية
هش بس,2,نجديه
كوز,1,جنوبي
يتمخطر,0,حجازية
مرزام,3,حساوية
كندرة,3,حساوية
اخترب,3,حساوية
شتبي,3,حساوية
اندره,1,جنوبي
ملجلج,0,حجازية
تستهبلين,2,نجديه
درديحه,3,حساوية
سسته,0,حجازية
يلبج,1,جنوبي
حيفي,3,حساوية
ايتبالص مع اهمال الألف,2,نجديه
هبال,2,نجديه
السعلوة,0,حجازية
يرنع,3,حساوية
عنه,1,جنوبي
حمش,0,حجازية
تسد,2,نجديه
الطرمة,3,حساوية
جونه,1,جنوبي
علوش,3,حساوية
خشم,2,نجديه
عصيره,1,جنوبي
الكوفت,0,حجازية
تحيف,1,جنوبي
ذنبه,2,نجديه
هب,2,نجديه
غبير,0,حجازية
أصبح عادي عندك تبعد وتغيب,0,حجازية
ماقس,2,نجديه
بوكسر,0,حجازية
فدان,1,جنوبي
الغرابة,1,جنوبي
دلك,0,حجازية
اياها,1,جنوبي
يـفِـجّ,1,جنوبي
الجنطة,3,حساوية
لا تقل لغايب وش الهاك,1,جنوبي
صعوه,1,جنوبي
أمبي,3,حساوية
كبوس,2,نجديه
عطه,3,حساوية
الدلخ,2,نجديه
مرخط,1,جنوبي
اصلي عليك,0,حجازية
هداويه,3,حساوية
على قد زيتوا سرجلوا,0,حجازية
اللي أمه في الدار قرصه حار,1,جنوبي
بربور,0,حجازية
غوري,3,حساوية
يتمعرف,1,جنوبي
أرخي,0,حجازية
دثوي,3,حساوية
مانيب,2,نجديه
بادوره,3,حساوية
بعقة,1,جنوبي
تلقفها,1,جنوبي
أصفر العرقوب,2,نجديه
فطين,2,نجديه
ألذ من الماء على الظمأ,1,جنوبي
دوجان,2,نجديه
لا تطنز,3,حساوية
خواهر,3,حساوية
غرشة,3,حساوية
حمرة,3,حساوية
فديم,1,جنوبي
كاي,0,حجازية
مكوه,0,حجازية
اقطب,2,نجديه
هذ,2,نجديه
زبرقة,3,حساوية
تتزكر,0,حجازية
مغطس,3,حساوية
وشذا,3,حساوية
الطبيش,2,نجديه
عنجكة,3,حساوية
اشتله,1,جنوبي
مطبخية,1,جنوبي
عطر,1,جنوبي
جثوه,1,جنوبي
مترايش,2,نجديه
بعرصي,2,نجديه
يصـلِّط,1,جنوبي
يؤرُم,1,جنوبي
ادون,3,حساوية
اخوش,3,حساوية
شملِة,1,جنوبي
خبار,1,جنوبي
افرشه,2,نجديه
غبيب,3,حساوية
تكميله,2,نجديه
شباكة,3,حساوية
دفه,3,حساوية
متزبر,3,حساوية
يابخت من بكاني وبكى الناس عليه ولا من ضحكني وضحك الناس عليه,0,حجازية
يع,3,حساوية
نحيه,1,جنوبي
البرزه,1,جنوبي
كنديشن,0,حجازية
يا صبر الارض,0,حجازية
هم,1,جنوبي
ريال,2,نجديه
أمبطيت,3,حساوية
اشبمك,0,حجازية
مقشطة,1,جنوبي
نيم,2,نجديه
صايل,0,حجازية
متبلتي,2,نجديه
وغد وتصغير للوغد وغيد,2,نجديه
مستعملة,1,جنوبي
الهاك,1,جنوبي
فله,3,حساوية
وين حسنووه,3,حساوية
زقرتي,3,حساوية
يزجر,3,حساوية
منين,2,نجديه
اشذاذا,3,حساوية
أرقه,1,جنوبي
سحلب,0,حجازية
وراء,2,نجديه
رجخ,2,نجديه
وش فيك,2,نجديه
السياع,1,جنوبي
نصا,2,نجديه
الخايبه تتعلق بالحبال الدايبة,0,حجازية
الموسدة,3,حساوية
يتقلق,3,حساوية
جحفلة,2,نجديه
وي,0,حجازية
مصالة,2,نجديه
صجة,2,نجديه
ما لا صلاح,0,حجازية
على شنق,0,حجازية
بزرنجي,2,نجديه
دقاقات,0,حجازية
والحُواق,1,جنوبي
جذي,3,حساوية
جلاسة,1,جنوبي
بيها,0,حجازية
وقومك آه,2,نجديه
ماصة,3,حساوية
مرجب,2,نجديه
مطنقر,0,حجازية
زغولة,2,نجديه
صفوا صفين قال ماغير اثنين,1,جنوبي
يدوّس,1,جنوبي
تلكلك,2,نجديه
جوا,0,حجازية
صندل,1,جنوبي
حقه,3,حساوية
يعدي,1,جنوبي
ممكن,0,حجازية
افرنجي,0,حجازية
بعدي,2,نجديه
سفرقي,0,حجازية
زمين,2,نجديه
غزال,0,حجازية
شديهه,2,نجديه
ازبن,2,نجديه
كما الجراده عينها عند رجلها,1,جنوبي
لقيز,3,حساوية
يسرح,0,حجازية
شامر,3,حساوية
يعطيك,3,حساوية
اخصر,0,حجازية
صروب,0,حجازية
رن,2,نجديه
ابخص,2,نجديه
زناوة,0,حجازية
والكوبة,2,نجديه
يخطـِّف,1,جنوبي
يم,3,حساوية
مفهي,2,نجديه
عزق,0,حجازية
تكملوه,0,حجازية
فنطل,0,حجازية
ياهبلك,1,جنوبي
شاة,0,حجازية
ليك,1,جنوبي
تفيت,0,حجازية
ميز,3,حساوية
ريّع,1,جنوبي
العروسه للعريس والجري للمتاعيس,0,حجازية
خووش,0,حجازية
حصني,2,نجديه
ترى,2,نجديه
ظده,2,نجديه
إلبة,1,جنوبي
متخوبل,2,نجديه
أع,1,جنوبي
جهمه,1,جنوبي
متعلج,0,حجازية
قفل,0,حجازية
الحاف,3,حساوية
أيون,0,حجازية
قشل,2,نجديه
زحليقة,3,حساوية
طنقرت,2,نجديه
هالحزة,3,حساوية
عيش مصري,0,حجازية
أندر,0,حجازية
يغره,1,جنوبي
حجمه,3,حساوية
اسطي,2,نجديه
كوه,2,نجديه
المرفاع,1,جنوبي
ببّور,1,جنوبي
زقاقة,2,نجديه
فرقعين,2,نجديه
تكوفر,2,نجديه
ولا يهمك,0,حجازية
هيعوا,3,حساوية
قصّـاب,1,جنوبي
اعقره,1,جنوبي
سميس,2,نجديه
قلبي على ولدي انفطر وقلب ولدي عليا حجر,0,حجازية
ودي,2,نجديه
يختوو عليها,0,حجازية
سلح,0,حجازية
خمات,2,نجديه
خليك على قردك لا يجيك أقرد منه,0,حجازية
كشمة,0,حجازية
من جنب القدة,0,حجازية
ادبك,3,حساوية
ارقب,1,جنوبي
الفلوه,1,جنوبي
ياواخد القرد بماله يروح المال ويبقى القرد على حالو ,2,نجديه
تزبعه يزبعه,2,نجديه
اخصورو,0,حجازية
بوه,2,نجديه
شاقوف,1,جنوبي
دعرومه,1,جنوبي
براحة,3,حساوية
من كثرك,2,نجديه
الأيام ذكرى,2,نجديه
منتفخ,3,حساوية
مكَوكي,1,جنوبي
يفندق,1,جنوبي
جغفة,2,نجديه
عان,2,نجديه
أوريك,3,حساوية
نوخراب,0,حجازية
مطقوق,3,حساوية
خبنه,3,حساوية
دالوب,2,نجديه
دزه,2,نجديه
لفطونة,1,جنوبي
اححه,0,حجازية
أتنا,3,حساوية
الحوطة,2,نجديه
قعط,2,نجديه
خرمان,2,نجديه
متحا قه,0,حجازية
دروازه,3,حساوية
ساد,2,نجديه
بلكن,0,حجازية
طنازة,3,حساوية
صايع,2,نجديه
بالحصين,0,حجازية
طاية,2,نجديه
مزرقة,0,حجازية
مرحبابك,0,حجازية
فرق,1,جنوبي
طلسك,0,حجازية
بلشه,2,نجديه
بربر,0,حجازية
باح,1,جنوبي
كوك,1,جنوبي
خشوني لاتنسوني ولعوا الشمعة وشوفوني,0,حجازية
لا تتريق الا على صايم مصلي,0,حجازية
مجعوج اجعوج,0,حجازية
فقاش,2,نجديه
فقر,0,حجازية
جيتك يا عبدالمعين تعين وأثرك يا عبدالمعين تعان,2,نجديه
بسطة,0,حجازية
تاك,1,جنوبي
قمطة,1,جنوبي
يدب,1,جنوبي
تريك,2,نجديه
ديج,3,حساوية
القايله,3,حساوية
اطحس,2,نجديه
افتقها,0,حجازية
من جرف لدحديرة يا قلبي لا تحزن,0,حجازية
مسيد,3,حساوية
كل يرى الناس بعين طبعه,2,نجديه
طُلميّة,1,جنوبي
زنوبة أونع,3,حساوية
مهودل,3,حساوية
أهون,1,جنوبي
عينه,3,حساوية
علة,2,نجديه
حواق,2,نجديه
كاولي,2,نجديه
افقشه,2,نجديه
يلالاه,0,حجازية
بطنك مايسع مد عصيده,1,جنوبي
مفنقس,2,نجديه
في الي أنت خابر,2,نجديه
درعم,2,نجديه
تبقق,3,حساوية
تقال,0,حجازية
امنعني,1,جنوبي
مصطفى,0,حجازية
إجر,1,جنوبي
كمشه,3,حساوية
الشقرديه,2,نجديه
اعقوبي,0,حجازية
يجاوز,3,حساوية
زربه,1,جنوبي
آلة,1,جنوبي
متشنكل,0,حجازية
امزع رقبتك,0,حجازية
خثاريق,2,نجديه
أرواح,0,حجازية
شحاد,2,نجديه
حنمه,1,جنوبي
ازقح,2,نجديه
قلن,3,حساوية
سايف,2,نجديه
ما حيط,2,نجديه
داغور,2,نجديه
مقاقة,3,حساوية
قونيللا,0,حجازية
اللي مايرضى بالحمى يرضى بالنفاضة,2,نجديه
هبلي,1,جنوبي
يششكر أو ت,3,حساوية
مخبتز,2,نجديه
تخو شين,3,حساوية
ما يجي النونه في النونيز,0,حجازية
سكن,1,جنوبي
معقالة,1,جنوبي
أثم,2,نجديه
ياخور,1,جنوبي
داية,0,حجازية
منيب,2,نجديه
فك خيط,0,حجازية
خرق,2,نجديه
رافع خشمه,3,حساوية
دندرمة,0,حجازية
ياحوجي,0,حجازية
برا,1,جنوبي
زشمه,3,حساوية
عقب,1,جنوبي
مسيله,1,جنوبي
توح,1,جنوبي
ماعوص,1,جنوبي
خوي,2,نجديه
طقاع الأرض,2,نجديه
مرصرص,0,حجازية
بكار,3,حساوية
عوب,2,نجديه
سويعة,3,حساوية
يوصع,1,جنوبي
سيم,3,حساوية
وصوص,2,نجديه
عرصة,2,نجديه
إيت,2,نجديه
برزة,0,حجازية
وشكه,1,جنوبي
رأس كلب,0,حجازية
نّبات,3,حساوية
زباله,3,حساوية
سايريه,3,حساوية
رضمه,2,نجديه
يتدعشش,0,حجازية
ماص,2,نجديه
اندرقي,0,حجازية
تكسفت,2,نجديه
بزران,2,نجديه
إمبسبس,0,حجازية
هرني بطني,3,حساوية
عطيف,2,نجديه
دغري,0,حجازية
كبر المخدة,0,حجازية
افرشك,0,حجازية
دقمه,0,حجازية
عريكه,1,جنوبي
على ولم,3,حساوية
يهبع,3,حساوية
جعافة,3,حساوية
تيكلي,3,حساوية
شنك,3,حساوية
أزقل,0,حجازية
مودي,2,نجديه
باكورة,0,حجازية
الخد,2,نجديه
دبنجان,0,حجازية
قرآسياس,0,حجازية
المناحلة,0,حجازية
امحق,3,حساوية
رسال,0,حجازية
اصقه,2,نجديه
طرام,3,حساوية
فشخره,0,حجازية
جعلك,2,نجديه
سمج,3,حساوية
خوشخيخه,0,حجازية
ختلة,0,حجازية
كبـِّة,1,جنوبي
كشتة,3,حساوية
ذبي,3,حساوية
راسوك,3,حساوية
تشش,2,نجديه
ماخص من قديد الا عسفان,0,حجازية
طبّـازة,1,جنوبي
زح,2,نجديه
متختخ,0,حجازية
يتقشمر,3,حساوية
زامل,1,جنوبي
جوووز,3,حساوية
جد الله عليك,0,حجازية
كذيه,1,جنوبي
يمني,0,حجازية
عتبة,1,جنوبي
من خاف سلم,2,نجديه
جلانكاكي,0,حجازية
منبطح,3,حساوية
ساكو,1,جنوبي
يتنقبج,3,حساوية
قبع,3,حساوية
كخه,0,حجازية
تميلح,2,نجديه
صرمقع,0,حجازية
طاسة,3,حساوية
يخبخب,3,حساوية
الميلس,3,حساوية
احيك,3,حساوية
يتزرنق,1,جنوبي
مبصرة,1,جنوبي
ارحبوا,1,جنوبي
شنبط,2,نجديه
صفه,2,نجديه
سيد انف,0,حجازية
اذا تعاندوا الحمير يا بخت الركاب,0,حجازية
عسو,3,حساوية
تبغين,0,حجازية
واة خبور,2,نجديه
ذا العشي,1,جنوبي
حية,2,نجديه
اصبخك,2,نجديه
منابة,3,حساوية
لا تحط عصك في شي ما يخصك,0,حجازية
شايب,3,حساوية
معادني أطيق,1,جنوبي
انا مره احبك,0,حجازية
بسط,3,حساوية
ميبر,1,جنوبي
علبجة,3,حساوية
عثرب,1,جنوبي
وايقي,3,حساوية
طيّـار,1,جنوبي
متبطح,0,حجازية
ارتوه,0,حجازية
شدق,0,حجازية
مقلح,2,نجديه
مده,3,حساوية
اقلط,3,حساوية
شبرية,1,جنوبي
الفيد النافع,2,نجديه
لازم,3,حساوية
بضان,0,حجازية
مشلح,1,جنوبي
أشقله,2,نجديه
قردنوها,3,حساوية
ضحاضح,2,نجديه
قرصه في ناره وعينه على جاره,2,نجديه
ابو علي,2,نجديه
رجة,0,حجازية
روثانا,0,حجازية
ددي,1,جنوبي
فرقاعي,3,حساوية
عشان,3,حساوية
يسرسح,0,حجازية
هاك,2,نجديه
زهللها,2,نجديه
صنة,0,حجازية
فاغر,0,حجازية
يتهنوص,0,حجازية
غنمة,0,حجازية
معلبش,0,حجازية
يا واد,0,حجازية
تريق,2,نجديه
كش,3,حساوية
صبة,0,حجازية
الدبش,0,حجازية
بالدي,3,حساوية
مسفع,0,حجازية
طقك عرج,3,حساوية
يلهط,1,جنوبي
اها بس,2,نجديه
أدري,2,نجديه
هفه,3,حساوية
شنوحك,2,نجديه
رمية خبل من راس جبل,1,جنوبي
مكة حقنا,0,حجازية
أروى,2,نجديه
قدني ذيه,1,جنوبي
حيل,3,حساوية
بح,1,جنوبي
مطرطم,0,حجازية
عرقه,1,جنوبي
خبص,2,نجديه
أدنى حمول غانا راعيه,0,حجازية
أبو كلب,2,نجديه
صرصرة,0,حجازية
تصلفط,2,نجديه
ذلحبه,1,جنوبي
سبتار,3,حساوية
ذروق,2,نجديه
زهبي,3,حساوية
شعسه,3,حساوية
فلفاص,3,حساوية
انبطح,2,نجديه
ياباسط,0,حجازية
دكان,0,حجازية
قنطار,1,جنوبي
اظهر,3,حساوية
يعالي,1,جنوبي
إستهتار,0,حجازية
المرغه,2,نجديه
اقحني,0,حجازية
ظريط,2,نجديه
خانسخانسه,2,نجديه
قرنقش,0,حجازية
المحطبه,1,جنوبي
هكجي,1,جنوبي
قحشة,2,نجديه
تلايط,2,نجديه
نيغر نيغر,0,حجازية
بردقان,2,نجديه
باجر,3,حساوية
طس,0,حجازية
مشكلجي,2,نجديه
منزجة,3,حساوية
مُخل,1,جنوبي
قزاز,0,حجازية
رضينا بالهم والهم ما رضي بينا,0,حجازية
منكوس مديور,3,حساوية
صيري,3,حساوية
زمزميه,0,حجازية
زكن,2,نجديه
منجل,1,جنوبي
مرعوص,3,حساوية
عصقول,3,حساوية
مابك,0,حجازية
استهطاف,2,نجديه
عقربه في الغار ولا ضره في الدار,0,حجازية
تصابيع,1,جنوبي
طوز,0,حجازية
إشيكلو,0,حجازية
اشب امك,0,حجازية
منتسفي,2,نجديه
شنجاله,3,حساوية
برطم,2,نجديه
كشافية,1,جنوبي
براطم,0,حجازية
دوشق,3,حساوية
نماك,0,حجازية
إذا هود الليل كل خربز,0,حجازية
سمبوسك,0,حجازية
متشرقد,3,حساوية
زير,0,حجازية
مفسحل,2,نجديه
ارقه,1,جنوبي
شكر,3,حساوية
عنز ولو طارت,2,نجديه
مصنف,1,جنوبي
دوبي,0,حجازية
طفسة,2,نجديه
ويش كنه,1,جنوبي
نشاف,3,حساوية
جلف,2,نجديه
أشلح أملح,3,حساوية
دراعة,3,حساوية
شماعة,0,حجازية
يتنغفر,3,حساوية
جخه,3,حساوية
حمار العسل,1,جنوبي
إلى كنت بالصبية جاهل فناظر وجه أخيها,1,جنوبي
الكرس,1,جنوبي
يتحشد,0,حجازية
ابارية,3,حساوية
الملا,3,حساوية
قعونجة,0,حجازية
فراكة,1,جنوبي
باصق,2,نجديه
دختور,2,نجديه
زقريت,3,حساوية
شمالة,1,جنوبي
عوال,1,جنوبي
مارج,2,نجديه
منطول,3,حساوية
شايش,0,حجازية
مووولت,3,حساوية
مخذرف,2,نجديه
مطفوق,2,نجديه
ميز,3,حساوية
يزرط,3,حساوية
روشن,3,حساوية
بيوطي,1,جنوبي
اتربع,2,نجديه
اذلف,2,نجديه
جلاوية,3,حساوية
عطوه,0,حجازية
احظاك,1,جنوبي
هبله,1,جنوبي
شي بلاش ربحه بين,2,نجديه
إلي يجيك أحسن من إلي ترحلو,0,حجازية
اشحقه,3,حساوية
ارتقه,2,نجديه
سلاعه,0,حجازية
البرمه,1,جنوبي
متخـّت,1,جنوبي
فلينه,0,حجازية
كبده,0,حجازية
صعرور,2,نجديه
فلعة,3,حساوية
زنوبة,0,حجازية
كبك منه,0,حجازية
ايش قومك,1,جنوبي
هش,3,حساوية
عفله,0,حجازية
وذا معك,1,جنوبي
دافور,0,حجازية
حلاة الثوب رقعته منه وفيه,2,نجديه
وخر,3,حساوية
قالوا متى طلعت القصر قالوا أمس العصر,0,حجازية
سلك يسلك,2,نجديه
ضرو,1,جنوبي
باغة,2,نجديه
جغود,0,حجازية
تاسومة,0,حجازية
خقق,2,نجديه
مدود,1,جنوبي
امردغك,3,حساوية
زعق,0,حجازية
فنتك,3,حساوية
مريلة,0,حجازية
إبد,1,جنوبي
سرداحي مرداحي,0,حجازية
حنبحاش,0,حجازية
جوع الحوتة,0,حجازية
وهاتك يا,0,حجازية
بقعا تصوعك,1,جنوبي
مخرمس,2,نجديه
نشعتى,1,جنوبي
بع,1,جنوبي
أدبغك,0,حجازية
يا اطخو يا اكسر مخو,0,حجازية
لصمقة,2,نجديه
شريحة,1,جنوبي
مصيري,2,نجديه
هبره,2,نجديه
لا يكتر,0,حجازية
أتعيا,0,حجازية
لط,2,نجديه
رياري,3,حساوية
لبمك,3,حساوية
وينك,2,نجديه
مدربان,2,نجديه
ماني معية,3,حساوية
جبتلي الصمرقع,0,حجازية
خانس,2,نجديه
خروص,2,نجديه
درفسه,0,حجازية
ذب,2,نجديه
مايديرها,2,نجديه
نكاش,0,حجازية
إزحط,2,نجديه
زوع,3,حساوية
أمبطيت,3,حساوية
يريور,3,حساوية
خِشّـة,1,جنوبي
قُبيل,1,جنوبي
حشكة,0,حجازية
ضبعة,3,حساوية
هنق,0,حجازية
مشوص,2,نجديه
خاويه,2,نجديه
تدعفر,3,حساوية
إلى بغيت تضمنها فانشد عن أمها,1,جنوبي
اصهب,0,حجازية
هنيانه,0,حجازية
هنيه,3,حساوية
قاعد,0,حجازية
باجر,3,حساوية
هميطة,0,حجازية
قراعيط,2,نجديه
مين في حالك يالي في الظلام تغمز,2,نجديه
ركوة,0,حجازية
تهيابه,1,جنوبي
اخرس,3,حساوية
فشغده,3,حساوية
مراصيع,2,نجديه
سج,2,نجديه
أفعص,0,حجازية
بصق,3,حساوية
مين يشوفك يالي في الضلام تغمز,0,حجازية
العابر,1,جنوبي
العيبه,1,جنوبي
انتسب الغدا,2,نجديه
متبلد,2,نجديه
حليب جاموس,0,حجازية
هاش ام الطر,3,حساوية
شرشره,0,حجازية
صرصخ,3,حساوية
مهفتج,3,حساوية
متخشوق,3,حساوية
لا تكسكس,0,حجازية
إنتخشوا عينك,0,حجازية
جاط,1,جنوبي
ما في شي ببلاش غير العمى والطراش,0,حجازية
قدح,0,حجازية
برضو,0,حجازية
هذرة,3,حساوية
شنه,0,حجازية
هزيتيني,3,حساوية
تولم,2,نجديه
ماسوى الى حمام مسجد,0,حجازية
اشلونك,2,نجديه
مليه,1,جنوبي
يواد,0,حجازية
بسطاردي,2,نجديه
بلبوص,3,حساوية
تيدنا,0,حجازية
قادومية,1,جنوبي
لقلقلقلقلقلقل,0,حجازية
جنة,3,حساوية
تهقى,2,نجديه
حنيس,2,نجديه
يلا ضربت خشميه دمعت عيونيه,1,جنوبي
المقفل,1,جنوبي
الصلل,1,جنوبي
بوة,2,نجديه
بلاد,0,حجازية
هيدسة,0,حجازية
مين خرج من داره قل مقداره,0,حجازية
منشر,1,جنوبي
زقاره,2,نجديه
زراط,0,حجازية
تسذا,2,نجديه
كل حشفة و لها مقرمش,0,حجازية
يزحط,1,جنوبي
مجغجغ,0,حجازية
ماج يموج مج,2,نجديه
قعفه,1,جنوبي
تحسفت,2,نجديه
مشق,3,حساوية
اذا حلقوا لغيرك بل راسك واستنى,0,حجازية
كحيان,0,حجازية
فسل,2,نجديه
انجز,2,نجديه
شخشيخة,0,حجازية
مندس,2,نجديه
القوم,1,جنوبي
أعمى ويلضم خرز,0,حجازية
ديرمة,3,حساوية
موَقل,3,حساوية
مقتى,1,جنوبي
الله ينعاني يناة,1,جنوبي
مكعل,0,حجازية
دقبر,3,حساوية
جزاء المعروف سبعة كفوف,1,جنوبي
مع نفسك,2,نجديه
برطع,3,حساوية
سوكتم بوكتم,0,حجازية
همزي,3,حساوية
أثول,2,نجديه
الخكر,0,حجازية
أنكتم,0,حجازية
غبنة,3,حساوية
معدوس,0,حجازية
لووب,3,حساوية
تنأ,2,نجديه
كرفسة,0,حجازية
هواش,3,حساوية
كَفحة,1,جنوبي
أُلعاط,1,جنوبي
قراره,2,نجديه
لاتروح,1,جنوبي
برطمان,2,نجديه
قفاه,2,نجديه
اسري,0,حجازية
نّبات,3,حساوية
استثمار,2,نجديه
من زمن الترك,3,حساوية
خثلة,3,حساوية
ست وجاريتين على قلي بيضتين,0,حجازية
تصدير,3,حساوية
شاسف,2,نجديه
احم احم,0,حجازية
الطواقي,2,نجديه
كنادر,2,نجديه
وشوشه,0,حجازية
أفا,2,نجديه
مو,0,حجازية
ما يديرها,0,حجازية
ماسده,3,حساوية
خمبقه,3,حساوية
ندر,0,حجازية
زرقو,0,حجازية
حاكورة,1,جنوبي
الكتب,1,جنوبي
سقمه,1,جنوبي
بربتوز,0,حجازية
شخقوق,2,نجديه
سجاجينه,3,حساوية
خكري,2,نجديه
ما يعرف راصو من ساسو,0,حجازية
صماط,2,نجديه
القرنه,1,جنوبي
مغرب,2,نجديه
كيت وكيت,2,نجديه
بلا منيكة,0,حجازية
يزبر,3,حساوية
قيدو,0,حجازية
وداء,2,نجديه
انتبزوه,0,حجازية
مير,2,نجديه
مزلب,2,نجديه
دقي,3,حساوية
سريب,3,حساوية
يأشبِـر,1,جنوبي
أشلب,1,جنوبي
قناد,3,حساوية
شاكوش,0,حجازية
يالبي,0,حجازية
خيبلة,0,حجازية
أنبوبة,0,حجازية
متلايم,3,حساوية
أترنو,0,حجازية
في طيبة قلبك,0,حجازية
ازهمو,0,حجازية
انت توحي,2,نجديه
نملية,1,جنوبي
كود,2,نجديه
مفوحش,2,نجديه
هواء يا بقيق,0,حجازية
يتـئـس,1,جنوبي
اغديك,2,نجديه
بقعة,0,حجازية
يتهزهز,3,حساوية
استناني,0,حجازية
ثرمه,3,حساوية
خوشم,0,حجازية
سريلك,0,حجازية
شعبه,1,جنوبي
تطرى,0,حجازية
ينعا,1,جنوبي
خليك جمب الحيط,0,حجازية
قع,1,جنوبي
خوصه,2,نجديه
ما في شي ببلاش غير العمى و الطشاش,0,حجازية
تليك,0,حجازية
ابو فروة,0,حجازية
سالفة,3,حساوية
متكمكمة بالعباءه,3,حساوية
بتلت بتله,2,نجديه
الوكاد,2,نجديه
من بيت أصقع لبيت أرقع,0,حجازية
تقطب,1,جنوبي
يزنط,3,حساوية
تتحيقين,3,حساوية
محليه,2,نجديه
بلغازي,0,حجازية
شبامه,1,جنوبي
هايشة,0,حجازية
حورمة,0,حجازية
ادودتنا,2,نجديه
متكمكمة بالعباية,3,حساوية
تخرش,3,حساوية
قب قب,3,حساوية
سمن,1,جنوبي
مهدال,1,جنوبي
زرب يزرب,2,نجديه
طمبس,2,نجديه
انقشع,0,حجازية
عصيدة,1,جنوبي
ياهوي,0,حجازية
مرشوم,1,جنوبي
صقر,1,جنوبي
هدا,2,نجديه
صنو,0,حجازية
تنبل,2,نجديه
امسطه,2,نجديه
فرجة,3,حساوية
مسلة,1,جنوبي
ايش عرف الحمير بأكل الجنزبيل,0,حجازية
حرمة,2,نجديه
زاخر,1,جنوبي
الداد,3,حساوية
امبلا,0,حجازية
دمنه,0,حجازية
مغتلق,3,حساوية
مخمج,0,حجازية
قز,3,حساوية
هيس الاربد,3,حساوية
ريورس,0,حجازية
فرك,0,حجازية
فق,2,نجديه
مأجور,2,نجديه
تقانه,0,حجازية
عسو,3,حساوية
اش بك يواد,0,حجازية
تحسفت,3,حساوية
نعرة,2,نجديه
داس,0,حجازية
مولصه,2,نجديه
انفرو,1,جنوبي
يكركر,3,حساوية
عتيج,3,حساوية
صرمتي,1,جنوبي
طقح,2,نجديه
وان,2,نجديه
لفاليف,3,حساوية
هجاد,2,نجديه
المجبب,2,نجديه
دبوج,2,نجديه
زلاطه,3,حساوية
عكبرة,3,حساوية
تيسول,0,حجازية
رعص,2,نجديه
كز,2,نجديه
فته,0,حجازية
راحة,1,جنوبي
همياان,3,حساوية
زمن أسكت,0,حجازية
إندزلع,2,نجديه
رسته,3,حساوية
ورق كوبيا,0,حجازية
شعو,3,حساوية
مسند و مفيض,0,حجازية
مخور,1,جنوبي
يدَبخ,1,جنوبي
يدع الماء,3,حساوية
غرير,0,حجازية
مطير,2,نجديه
يتسربع,0,حجازية
شقفة,1,جنوبي
كرمباسي,2,نجديه
قوراطيس,0,حجازية
شلاخ,3,حساوية
كزاز,3,حساوية
طرّاحة,1,جنوبي
اثاري,1,جنوبي
عاني,2,نجديه
ودتس,2,نجديه
الطفله,1,جنوبي
هص,1,جنوبي
اطق,3,حساوية
بربقندا,2,نجديه
ويش خانته,3,حساوية
هنياني,2,نجديه
سويتش,0,حجازية
ما انشت به السما تبلعه الارض,1,جنوبي
السعن,1,جنوبي
مره,3,حساوية
العيار,3,حساوية
يـفِـنّ,1,جنوبي
مدرعم,2,نجديه
جاعص,0,حجازية
جلب,3,حساوية
طفو,3,حساوية
الهنا,2,نجديه
خذ من كل حرفن أوله,1,جنوبي
جحفلتني,2,نجديه
توهق,2,نجديه
بلم,3,حساوية
مدعشه,3,حساوية
انطعج,0,حجازية
بشلقة,0,حجازية
موتر,3,حساوية
أوري,1,جنوبي
مسيان,2,نجديه
ملكمد,1,جنوبي
إلفقيها,2,نجديه
هات,2,نجديه
بخشة,2,نجديه
عفر,3,حساوية
هلون,3,حساوية
حب,3,حساوية
مطنقر,3,حساوية
مخنز,2,نجديه
علشت,3,حساوية
المضاغه,1,جنوبي
قبول,2,نجديه
زتت,3,حساوية
منابة,3,حساوية
ابك,2,نجديه
موقل,3,حساوية
سكَان,3,حساوية
قلعة وادرين,3,حساوية
بيزيه,3,حساوية
هها,2,نجديه
حنشل,2,نجديه
لا تحتك او لا تحتكين,2,نجديه
بطارية,0,حجازية
قلن,3,حساوية
ملهم,0,حجازية
سلسول,3,حساوية
تخلي,2,نجديه
حمد الحيلي,2,نجديه
نقنقة,0,حجازية
فرجة,3,حساوية
سربوخ,1,جنوبي
ريحة ابو علي ولا عدموو,0,حجازية
زهمت,2,نجديه
قرنه,1,جنوبي
فردة,1,جنوبي
صيختك,3,حساوية
مدجج,0,حجازية
منتكسة,3,حساوية
بالدي,3,حساوية
جربندية,1,جنوبي
من جدو,0,حجازية
زوغه,3,حساوية
فش,1,جنوبي
جلمه,2,نجديه
وراه,2,نجديه
تنكآ,0,حجازية
مفرشخ,0,حجازية
أبانه,3,حساوية
حوسة,0,حجازية
صاع,1,جنوبي
كروكا,2,نجديه
أزوغ,0,حجازية
اشكليلي,0,حجازية
فنعة,1,جنوبي
إلعب عليه,2,نجديه
تتحشد,0,حجازية
وإيلابه,1,جنوبي
شحليله,3,حساوية
طفشه,1,جنوبي
سريدة,1,جنوبي
بلابيل,3,حساوية
مشقر,1,جنوبي
حكروه,3,حساوية
قرناص,2,نجديه
يتوارالي,0,حجازية
برتقان,0,حجازية
كيس,0,حجازية
هبقه,0,حجازية
حسيل العبيد,1,جنوبي
هطقه,3,حساوية
حديلو,0,حجازية
اطرمخ,0,حجازية
جخلط,2,نجديه
هيلاهوب,0,حجازية
إشتل,0,حجازية
ربض,1,جنوبي
فعج,0,حجازية
صفرية,3,حساوية
فريج,3,حساوية
يا ليل مطولك,0,حجازية
حكروه,3,حساوية
سماط,2,نجديه
الناس مول,3,حساوية
تنكت,2,نجديه
باب المجلس يقول باب السطوح اللي يجي يجي واللي يروح يروح,0,حجازية
أسلت,0,حجازية
خالع,2,نجديه
سنافي,2,نجديه
العتم,1,جنوبي
مصبنه,3,حساوية
صنديحة,3,حساوية
وخر,2,نجديه
الخلا,2,نجديه
سيكل,3,حساوية
عجلاه,3,حساوية
كفير,3,حساوية
لك ليكو قز,0,حجازية
تكرفس,2,نجديه
التقطو,1,جنوبي
مع نفسو,0,حجازية
غلج,3,حساوية
لا تقرصيني يا نحله ما أبغالك عسل,0,حجازية
موعد خواجة,0,حجازية
كودا,1,جنوبي
خضيري,2,نجديه
قحوفة,3,حساوية
لهي,3,حساوية
شطحة,0,حجازية
يو,0,حجازية
أبو ريحة,0,حجازية
ماني معية,3,حساوية
بزى,2,نجديه
بوجلي,3,حساوية
ريط,2,نجديه
هبط,1,جنوبي
قلمش,3,حساوية
خنابيج,2,نجديه
جاثوم,2,نجديه
دبش,0,حجازية
منجطل,2,نجديه
وش بلاك,2,نجديه
مزايدة,2,نجديه
دندق,3,حساوية
زهق,0,حجازية
معضض,3,حساوية
لوف,1,جنوبي
بقشة,0,حجازية
ساخط,3,حساوية
سرديده مرديده,0,حجازية
هيجه,1,جنوبي
كتلي,3,حساوية
قر,1,جنوبي
قطه,3,حساوية
ماتيزي,2,نجديه
كركبة,0,حجازية
حوبة,2,نجديه
أوريك دروب,3,حساوية
قروي,2,نجديه
فرقا,1,جنوبي
لمصقة,2,نجديه
معاضد,3,حساوية
أنهج,2,نجديه
وش دعوى,2,نجديه
يِـعزِق,1,جنوبي
يهب,2,نجديه
لكلوك,0,حجازية
بلا زناوه,0,حجازية
يضكر,3,حساوية
قِدرة,1,جنوبي
اهرج,0,حجازية
البنصقة,2,نجديه
بطب,3,حساوية
قبو,2,نجديه
بلغة,1,جنوبي
القتب,1,جنوبي
الشطف,1,جنوبي
شحات,0,حجازية
طامن,2,نجديه
هج,2,نجديه
مترع,2,نجديه
كتره,1,جنوبي
مش خشتك,2,نجديه
لمه,1,جنوبي
صطحي الهريسه,3,حساوية
كنداف,1,جنوبي
إيه,2,نجديه
صبيخة,3,حساوية
لكن,1,جنوبي
كل جحر له سداده,1,جنوبي
سلبدة,2,نجديه
من كبر ابنك خاويه,2,نجديه
تفرك,0,حجازية
مطيزيزات,2,نجديه
اقعدي,2,نجديه
خوراط,0,حجازية
مجق,0,حجازية
مصفر,2,نجديه
بيض,0,حجازية
بزبوز,3,حساوية
انته من يان,1,جنوبي
ديلخ,0,حجازية
أتخالص,0,حجازية
بومه,2,نجديه
محوقه,1,جنوبي
جاي,3,حساوية
أهب,2,نجديه
قزوعي,1,جنوبي
شرواك,2,نجديه
هرار,2,نجديه
عجوز,0,حجازية
تهويه,3,حساوية
شخصا,3,حساوية
تخقيق,2,نجديه
لطعة,3,حساوية
خيخة,0,حجازية
تسليك,2,نجديه
الرشد,1,جنوبي
جسر,2,نجديه
شبط,0,حجازية
زرنوق,3,حساوية
نعجة,2,نجديه
نظرة إلى ميسرة,0,حجازية
ذرب,2,نجديه
ساخطي,3,حساوية
سحب عليا سيفون اليم,0,حجازية
بالطقاق,2,نجديه
باطيرالمه,3,حساوية
مين شايفك ياللي في الضلام تغمز,0,حجازية
هزو مركب,0,حجازية
ميضافه,1,جنوبي
ظعراط,2,نجديه
كاني,1,جنوبي
منقهر,3,حساوية
طنطل,3,حساوية
ركوه,3,حساوية
ظهر,2,نجديه
زي ديس البقره,0,حجازية
غشي,1,جنوبي
غضارة,2,نجديه
معية,3,حساوية
معصقل,2,نجديه
أبو عرام,2,نجديه
ماالتهمت,1,جنوبي
رجلن,1,جنوبي
العطيل,1,جنوبي
رهيف,2,نجديه
درعمي,3,حساوية
كراويتا,0,حجازية
شنتة,1,جنوبي
بلبد,3,حساوية
نقيفة,1,جنوبي
تزبيد,2,نجديه
الجابله,3,حساوية
نصاب,2,نجديه
بَاهي,1,جنوبي
جدوع,3,حساوية
رزنامه,3,حساوية
ياخته,1,جنوبي
مبثوثه,1,جنوبي
زفره,3,حساوية
الله من محبته في عبيدو جعل العمر والرزق بيدو,0,حجازية
فرقز,1,جنوبي
زعروط,3,حساوية
بترينة,0,حجازية
كل عيش البخيل ولا تأكل عيش المنان,0,حجازية
ذبية,2,نجديه
اللي ماله لسان ياكله الخنفسان,2,نجديه
باطوز,2,نجديه
قتره,1,جنوبي
جحيش,3,حساوية
هتفووه,0,حجازية
مااطيجه,3,حساوية
هلي,2,نجديه
عمبر,3,حساوية
شرشف كَـزِّة,1,جنوبي
الوثن,1,جنوبي
مدزدي,2,نجديه
هبابك,3,حساوية
قحروطي,0,حجازية
غرشة ريح,2,نجديه
أهو,3,حساوية
مطنوخ,2,نجديه
جعونيه,3,حساوية
المدفن,1,جنوبي
ذوآن,2,نجديه
عمر عامر مات ي بطل,0,حجازية
يدفش,1,جنوبي
معك,1,جنوبي
جنطه,3,حساوية
حقار,3,حساوية
دش,3,حساوية
وطب,2,نجديه
شعبنها,2,نجديه
زغاديد,2,نجديه
تخو شين,3,حساوية
صمل,2,نجديه
أشقح,0,حجازية
وشليبه,3,حساوية
مبوز,0,حجازية
جعاونيه,3,حساوية
دلخ,2,نجديه
يتصوف,1,جنوبي
في قرنه,2,نجديه
زعلانه,0,حجازية
جنطاس,1,جنوبي
هقوتي,2,نجديه
مبطي,2,نجديه
يلطع,1,جنوبي
سم,2,نجديه
ياكل فصي,0,حجازية
يـكِنّ,1,جنوبي
طبسة,1,جنوبي
رصعه,1,جنوبي
سلحه,2,نجديه
يجزع,0,حجازية
فيان شتروح,1,جنوبي
نفيخة,0,حجازية
شنهو,3,حساوية
سايريه,3,حساوية
الكلام اللي يجمد على الشارب,0,حجازية
عزم,0,حجازية
زقط,0,حجازية
نعنبا,2,نجديه
ويكأنه,0,حجازية
يامن شراله من حلاله عله,2,نجديه
منتهي,0,حجازية
منينة,3,حساوية
دجاجة,2,نجديه
انقز,2,نجديه
اللي يشيل قربه مخروقه تنقط على راسه,0,حجازية
بارقه,1,جنوبي
بشويش,0,حجازية
لاك,3,حساوية
نغبرة,0,حجازية
اني بوريلي,0,حجازية
اتهردقوا,3,حساوية
مرزام,3,حساوية
مسفهل,0,حجازية
ازا اكلو العنب عليك قول حامض,0,حجازية
التهمت,1,جنوبي
إشبوا دا,0,حجازية
خنبقة,2,نجديه
يدوّر,1,جنوبي
عيا,2,نجديه
ينطف,0,حجازية
يرمة,0,حجازية
هرن,3,حساوية
انزلع,2,نجديه
اطبع الباب,0,حجازية
عاير,2,نجديه
سمرجل,0,حجازية
حصران,3,حساوية
علّية,1,جنوبي
قومة,3,حساوية
مصفع,3,حساوية
كشه,2,نجديه
دبر,1,جنوبي
شاكرية,1,جنوبي
حمرة,3,حساوية
أيزو,3,حساوية
ماليه,1,جنوبي
جلب,3,حساوية
شنكل,1,جنوبي
حبيبة,3,حساوية
مايغره,1,جنوبي
نبداك,3,حساوية
لكيع,0,حجازية
درنقة,2,نجديه
الخابية,3,حساوية
صباحي,0,حجازية
اتلحلح,0,حجازية
من أعرس تغانى,1,جنوبي
يريج الماء,3,حساوية
رهش,3,حساوية
فاصل,2,نجديه
أنود,2,نجديه
موشح,0,حجازية
خرنق,0,حجازية
ما كل أبيض شحم وما كل أسود فحم,2,نجديه
ال اي اسم,2,نجديه
جدش,3,حساوية
صيختك,3,حساوية
أرقع,0,حجازية
خوتنا,0,حجازية
خزق,2,نجديه
بزوره,0,حجازية
برده,3,حساوية
الدوح,1,جنوبي
قادح,2,نجديه
عكه,1,جنوبي
خشاب,0,حجازية
الديقيسي,0,حجازية
زوده,1,جنوبي
قطوه,3,حساوية
خطط في ماء واقرص في حجر,2,نجديه
الداد,3,حساوية
ورب,0,حجازية
بصرك,2,نجديه
النافذه,1,جنوبي
مسبه,2,نجديه
يـفِـلّ,1,جنوبي
مطرطع,0,حجازية
ما يقر,2,نجديه
مسحباني,1,جنوبي
عندي,1,جنوبي
حالي,1,جنوبي
كي كي,0,حجازية
تروش,2,نجديه
مالي كار,3,حساوية
منشعس,3,حساوية
بثارة,2,نجديه
كلفسي,2,نجديه
تمبله,0,حجازية
القصير,2,نجديه
اش مارية الخبل قال يقبل يضحك,1,جنوبي
زاحف,2,نجديه
بليه,2,نجديه
نحوت,2,نجديه
أسفهه,2,نجديه
ابوش,3,حساوية
درفة الباب,0,حجازية
متروس,3,حساوية
مدلكِة,1,جنوبي
ماطور,3,حساوية
الغلف,1,جنوبي
انطق,0,حجازية
زحليقة,3,حساوية
زجيتة,3,حساوية
نطل,2,نجديه
كهله,1,جنوبي
مطشم,2,نجديه
دروفه,3,حساوية
صب,3,حساوية
لهي,3,حساوية
يتنبك,1,جنوبي
إفلقني,2,نجديه
زتت,3,حساوية
يلمح,1,جنوبي
حنطور,1,جنوبي
